/*
SQLyog 企业版 - MySQL GUI v7.14 
MySQL - 5.7.11-log : Database - guyu
*********************************************************************
*/

/*!40101 SET NAMES utf8 */;

/*!40101 SET SQL_MODE=''*/;

/*!40014 SET @OLD_FOREIGN_KEY_CHECKS=@@FOREIGN_KEY_CHECKS, FOREIGN_KEY_CHECKS=0 */;
/*!40101 SET @OLD_SQL_MODE=@@SQL_MODE, SQL_MODE='NO_AUTO_VALUE_ON_ZERO' */;

CREATE DATABASE /*!32312 IF NOT EXISTS*/`guyu` /*!40100 DEFAULT CHARACTER SET utf8mb4 */;

USE `guyu`;

/*Table structure for table `gy_address` */

DROP TABLE IF EXISTS `gy_address`;

CREATE TABLE `gy_address` (
  `address_id` int(20) NOT NULL AUTO_INCREMENT COMMENT '收货地址编号',
  `user_id` int(20) DEFAULT NULL COMMENT '用户编号',
  `consignee` varchar(255) DEFAULT NULL COMMENT '收货人',
  `phone` varchar(12) DEFAULT NULL COMMENT '收货人电话',
  `address` varchar(255) DEFAULT NULL COMMENT '收货地址',
  `address_status` int(4) DEFAULT NULL COMMENT '状态：1.默认地址；0，备用地址',
  PRIMARY KEY (`address_id`)
) ENGINE=InnoDB AUTO_INCREMENT=5 DEFAULT CHARSET=utf8mb4;

/*Data for the table `gy_address` */

insert  into `gy_address`(`address_id`,`user_id`,`consignee`,`phone`,`address`,`address_status`) values (2,10001,'张三','13611112221','广西贺州',1),(4,10001,'李四','13711111122','广西贺州',0);

/*Table structure for table `gy_cart` */

DROP TABLE IF EXISTS `gy_cart`;

CREATE TABLE `gy_cart` (
  `cart_id` int(20) NOT NULL AUTO_INCREMENT COMMENT '购物车id',
  `user_id` int(20) DEFAULT NULL COMMENT '用户id',
  `pro_id` int(20) DEFAULT NULL COMMENT '商品id',
  `pro_num` int(11) DEFAULT NULL COMMENT '产品数量',
  `size_id` int(20) DEFAULT NULL COMMENT '规格id',
  `pro_sum` double(20,2) DEFAULT NULL COMMENT '总金额',
  `create_time` datetime DEFAULT NULL ON UPDATE CURRENT_TIMESTAMP COMMENT '创建时间',
  `update_time` datetime DEFAULT NULL COMMENT '更新时间',
  PRIMARY KEY (`cart_id`) USING BTREE
) ENGINE=InnoDB AUTO_INCREMENT=31 DEFAULT CHARSET=utf8mb4;

/*Data for the table `gy_cart` */

insert  into `gy_cart`(`cart_id`,`user_id`,`pro_id`,`pro_num`,`size_id`,`pro_sum`,`create_time`,`update_time`) values (22,10030,1,100,1,180.00,'2022-09-15 19:42:16','2022-09-15 19:42:16'),(28,10030,1,60,2,210.00,'2022-09-17 16:32:27','2022-09-17 16:32:27'),(30,10001,1,60,1,108.00,'2022-09-17 16:43:25','2022-09-17 16:43:25');

/*Table structure for table `gy_categories` */

DROP TABLE IF EXISTS `gy_categories`;

CREATE TABLE `gy_categories` (
  `main_id` int(20) NOT NULL AUTO_INCREMENT COMMENT '主类别id',
  `main_name` varchar(255) DEFAULT NULL COMMENT '类别名称',
  `main_status` int(4) DEFAULT NULL COMMENT '状态:0,未启用;1,启用',
  `create_time` datetime DEFAULT NULL ON UPDATE CURRENT_TIMESTAMP COMMENT '创建时间',
  `update_time` datetime DEFAULT NULL COMMENT '更新时间',
  PRIMARY KEY (`main_id`)
) ENGINE=InnoDB AUTO_INCREMENT=14 DEFAULT CHARSET=utf8mb4;

/*Data for the table `gy_categories` */

insert  into `gy_categories`(`main_id`,`main_name`,`main_status`,`create_time`,`update_time`) values (1,'烟草类',1,'2022-08-21 23:56:22','2022-07-22 15:35:48'),(2,'毛茶类',1,'2022-07-22 15:37:54','2022-07-22 15:36:17'),(3,'食用菌类',1,'2022-07-22 15:37:46','2022-07-22 15:36:47'),(4,'蔬菜',1,'2022-09-08 21:07:40','2022-07-22 15:37:27'),(5,'水果',1,'2022-09-08 21:07:37','2022-07-22 15:38:03'),(6,'花卉苗木',1,'2022-09-08 21:07:48','2022-07-22 15:38:37'),(7,'药材',1,'2022-07-22 15:38:53','2022-07-22 15:38:53'),(8,'粮油作物',1,'2022-07-22 15:39:12','2022-07-22 15:39:12'),(9,'牲畜肉蛋',1,'2022-09-08 21:08:06','2022-07-22 15:39:36'),(10,'水产类',1,'2022-07-22 15:39:57','2022-07-22 15:39:57'),(11,'林业产品类',1,'2022-07-22 15:41:09','2022-07-22 15:41:09'),(13,'谷物类',1,'2022-07-22 15:48:30','2022-07-22 15:48:30');

/*Table structure for table `gy_category` */

DROP TABLE IF EXISTS `gy_category`;

CREATE TABLE `gy_category` (
  `cate_id` int(20) NOT NULL AUTO_INCREMENT COMMENT '类别编号',
  `main_id` int(20) DEFAULT NULL COMMENT '父类别编辑号',
  `cate_name` varchar(255) DEFAULT NULL COMMENT '类别名称',
  `cate_status` int(4) DEFAULT NULL COMMENT '类别状态:1,启用;0,未启用',
  `create_time` datetime DEFAULT NULL COMMENT '创建时间',
  `update_time` datetime DEFAULT NULL COMMENT '更新时间',
  PRIMARY KEY (`cate_id`)
) ENGINE=InnoDB AUTO_INCREMENT=10069 DEFAULT CHARSET=utf8mb4;

/*Data for the table `gy_category` */

insert  into `gy_category`(`cate_id`,`main_id`,`cate_name`,`cate_status`,`create_time`,`update_time`) values (10001,5,'芒果',1,'2022-07-22 16:43:57','2022-07-22 16:43:57'),(10002,5,'荔枝',1,'2022-07-22 16:44:24','2022-07-22 16:44:24'),(10003,5,'龙眼',1,'2022-07-22 16:44:43','2022-07-22 16:44:43'),(10004,5,'菠萝',1,'2022-07-22 16:45:06','2022-07-22 16:45:06'),(10005,5,'火龙果',1,'2022-07-22 16:45:32','2022-07-22 16:45:32'),(10006,5,'香蕉',1,'2022-07-22 16:45:44','2022-07-22 16:45:44'),(10007,5,'芭蕉',1,'2022-07-22 16:45:59','2022-07-22 16:45:59'),(10008,5,'榴莲',1,'2022-07-22 16:46:12','2022-07-22 16:46:12'),(10009,5,'木瓜',1,'2022-07-22 16:46:27','2022-07-22 16:46:27'),(10010,5,'莲雾',1,'2022-07-22 16:46:56','2022-07-22 16:46:56'),(10011,5,'山竹',1,'2022-07-22 16:47:09','2022-07-22 16:47:09'),(10012,5,'椰子',1,'2022-07-22 16:47:24','2022-07-22 16:47:24'),(10013,5,'甘蔗',1,'2022-07-22 16:47:40','2022-07-22 16:47:40'),(10014,5,'菠萝蜜',1,'2022-07-22 16:47:56','2022-07-22 16:47:56'),(10015,5,'牛油果',1,'2022-07-22 16:48:07','2022-07-22 16:48:07'),(10016,5,'橄榄',1,'2022-07-22 16:48:23','2022-07-22 16:48:23'),(10017,5,'杨桃',1,'2022-07-22 16:48:34','2022-07-22 16:48:34'),(10018,5,'蛋黄果',1,'2022-07-22 16:48:49','2022-07-22 16:48:49'),(10019,5,'黄品果',1,'2022-07-22 16:49:39','2022-07-22 16:49:39'),(10020,5,'葡萄',1,'2022-07-22 16:49:53','2022-07-22 16:49:53'),(10021,5,'草莓',1,'2022-07-22 16:50:07','2022-07-22 16:50:07'),(10022,5,'树莓',1,'2022-07-22 16:50:19','2022-07-22 16:50:19'),(10023,5,'圣女果',1,'2022-07-22 16:50:30','2022-07-22 16:50:30'),(10024,5,'桑葚',1,'2022-07-22 16:50:59','2022-07-22 16:50:59'),(10025,5,'蓝莓',1,'2022-07-22 16:51:22','2022-07-22 16:51:22'),(10026,5,'黑果花楸果',1,'2022-07-22 16:52:03','2022-07-22 16:52:03'),(10027,5,'猕猴桃',1,'2022-07-22 16:52:27','2022-07-22 16:52:27'),(10028,5,'柿子',1,'2022-07-22 16:52:43','2022-07-22 16:52:43'),(10029,5,'百香果',1,'2022-07-22 16:52:54','2022-07-22 16:52:54'),(10030,5,'黑莓',1,'2022-07-22 16:53:07','2022-07-22 16:53:07'),(10031,5,'树葡萄',1,'2022-07-22 16:53:19','2022-07-22 16:53:19'),(10032,5,'蓝靛果',1,'2022-07-22 16:53:39','2022-07-22 16:53:39'),(10033,5,'沙棘果',1,'2022-07-22 16:54:15','2022-07-22 16:54:15'),(10034,5,'马蹄',1,'2022-07-22 16:54:35','2022-07-22 16:54:35'),(10035,5,'姑娘果',1,'2022-07-22 16:54:47','2022-07-22 16:54:47'),(10036,5,'苹果',1,'2022-07-22 16:55:01','2022-07-22 16:55:01'),(10037,5,'梨',1,'2022-07-22 16:55:15','2022-07-22 16:55:15'),(10038,5,'山楂',1,'2022-07-22 16:55:28','2022-07-22 16:55:28'),(10039,5,'沙果',1,'2022-07-22 16:55:45','2022-07-22 16:55:45'),(10040,5,'李子',1,'2022-07-22 16:55:59','2022-07-22 16:55:59'),(10041,5,'鲜枣',1,'2022-07-22 16:56:16','2022-07-22 16:56:16'),(10042,5,'杏',1,'2022-07-22 16:57:06','2022-07-22 16:57:06'),(10043,5,'杨梅',1,'2022-07-22 16:57:28','2022-07-22 16:57:28'),(10044,5,'青梅',1,'2022-07-22 16:57:43','2022-07-22 16:57:43'),(10045,5,'蜜桃',1,'2022-07-22 16:57:54','2022-07-22 16:57:54'),(10046,5,'毛桃',1,'2022-07-22 16:58:08','2022-07-22 16:58:08'),(10047,5,'蟠桃',1,'2022-07-22 16:58:21','2022-07-22 16:58:21'),(10048,5,'黄桃',1,'2022-07-22 16:58:32','2022-07-22 16:58:32'),(10049,5,'油桃',1,'2022-07-22 16:58:45','2022-07-22 16:58:45'),(10050,5,'石榴',1,'2022-07-22 16:58:57','2022-07-22 16:58:57'),(10051,5,'黄皮果',1,'2022-07-22 16:59:13','2022-07-22 16:59:13'),(10052,5,'人参果',1,'2022-07-22 16:59:31','2022-07-22 16:59:31'),(10053,5,'红毛丹',1,'2022-07-22 16:59:49','2022-07-22 16:59:49'),(10054,5,'释迦果',1,'2022-07-22 17:00:02','2022-07-22 17:00:02'),(10055,5,'柠檬',1,'2022-07-22 17:00:15','2022-07-22 17:00:15'),(10056,5,'柑橘',1,'2022-07-22 17:00:25','2022-07-22 17:00:25'),(10057,5,'金桔',1,'2022-07-22 17:00:36','2022-07-22 17:00:36'),(10058,5,'橙子',1,'2022-07-22 17:00:51','2022-07-22 17:00:51'),(10059,5,'柚子',1,'2022-07-22 17:01:50','2022-07-22 17:01:50'),(10060,5,'西瓜',1,'2022-07-22 17:01:59','2022-07-22 17:01:59'),(10061,5,'甜瓜',1,'2022-07-22 17:02:09','2022-07-22 17:02:09'),(10062,5,'哈密瓜',1,'2022-07-22 17:02:20','2022-07-22 17:02:20'),(10063,5,'八月瓜',1,'2022-07-22 17:02:30','2022-07-22 17:02:30'),(10064,5,'火参果',1,'2022-07-22 17:02:50','2022-07-22 17:02:50'),(10065,5,'九月瓜',1,'2022-07-22 17:03:02','2022-07-22 17:03:02'),(10066,5,'地稍瓜',1,'2022-07-22 17:03:16','2022-07-22 17:03:16'),(10068,5,'测试',1,'2022-08-02 20:03:02','2022-08-02 20:37:29');

/*Table structure for table `gy_collect` */

DROP TABLE IF EXISTS `gy_collect`;

CREATE TABLE `gy_collect` (
  `collect_id` int(20) NOT NULL AUTO_INCREMENT COMMENT '收藏编号',
  `pro_id` int(20) DEFAULT NULL COMMENT '商品编号',
  `user_id` int(20) DEFAULT NULL COMMENT '用户编号',
  `create_time` datetime DEFAULT NULL COMMENT '收藏时间',
  PRIMARY KEY (`collect_id`)
) ENGINE=InnoDB AUTO_INCREMENT=10 DEFAULT CHARSET=utf8mb4;

/*Data for the table `gy_collect` */

insert  into `gy_collect`(`collect_id`,`pro_id`,`user_id`,`create_time`) values (3,6,10001,'2022-08-29 10:17:04'),(5,26,10001,'2022-08-29 10:41:57'),(6,22,10001,'2022-09-07 21:11:56'),(7,1,10030,'2022-09-15 19:42:17'),(8,24,10001,'2022-09-16 13:31:38'),(9,5,10001,'2022-09-17 16:34:12');

/*Table structure for table `gy_image` */

DROP TABLE IF EXISTS `gy_image`;

CREATE TABLE `gy_image` (
  `image_id` int(20) NOT NULL AUTO_INCREMENT COMMENT '照片id',
  `main_url` varchar(255) DEFAULT NULL COMMENT '商品主图URL',
  `figure_1` varchar(255) DEFAULT NULL COMMENT '附图1',
  `figure_2` varchar(255) DEFAULT NULL COMMENT '附图2',
  `figure_3` varchar(255) DEFAULT NULL COMMENT '附图3',
  `figure_4` varchar(255) DEFAULT NULL COMMENT '附图4',
  `figure_5` varchar(255) DEFAULT NULL COMMENT '附图5',
  `figure_6` varchar(255) DEFAULT NULL COMMENT '附图6',
  `pro_id` int(20) DEFAULT NULL COMMENT '商品id',
  `update_time` datetime DEFAULT NULL COMMENT '创建时间',
  PRIMARY KEY (`image_id`)
) ENGINE=InnoDB DEFAULT CHARSET=utf8mb4;

/*Data for the table `gy_image` */

/*Table structure for table `gy_market` */

DROP TABLE IF EXISTS `gy_market`;

CREATE TABLE `gy_market` (
  `market_id` int(20) NOT NULL AUTO_INCREMENT COMMENT '行情编号',
  `market_name` varchar(255) DEFAULT NULL COMMENT '产品/种类',
  `origin` varchar(255) DEFAULT NULL COMMENT '产地',
  `price` double(20,2) DEFAULT NULL COMMENT '单价',
  `unit` varchar(255) DEFAULT NULL COMMENT '单位',
  `create_time` datetime DEFAULT NULL COMMENT '创建时间',
  PRIMARY KEY (`market_id`)
) ENGINE=InnoDB DEFAULT CHARSET=utf8mb4;

/*Data for the table `gy_market` */

/*Table structure for table `gy_notice` */

DROP TABLE IF EXISTS `gy_notice`;

CREATE TABLE `gy_notice` (
  `notice_id` int(20) NOT NULL AUTO_INCREMENT COMMENT '公告编号',
  `notice_title` text COMMENT '公告标题',
  `user_name` varchar(255) DEFAULT NULL COMMENT '公告发布者',
  `content` text COMMENT '公告内容',
  `notice_status` int(4) DEFAULT NULL COMMENT '公告状态：1、发布；0.不发布',
  `create_time` datetime DEFAULT NULL COMMENT '创建时间',
  `update_time` datetime DEFAULT NULL COMMENT '修改时间',
  `publish_time` datetime DEFAULT NULL COMMENT '发布时间',
  PRIMARY KEY (`notice_id`)
) ENGINE=InnoDB AUTO_INCREMENT=3 DEFAULT CHARSET=utf8mb4;

/*Data for the table `gy_notice` */

insert  into `gy_notice`(`notice_id`,`notice_title`,`user_name`,`content`,`notice_status`,`create_time`,`update_time`,`publish_time`) values (2,'谷雨商城正式运营','谷雨商城管理员','谷雨商城现已正式运营，开始火热招商，真诚欢迎各界有识之士前来咨询加盟！\n电话:0358-6099999    地址：广西贺州八步区',1,'2022-09-03 15:51:12','2022-09-20 00:33:37','2022-09-08 22:11:28');

/*Table structure for table `gy_order` */

DROP TABLE IF EXISTS `gy_order`;

CREATE TABLE `gy_order` (
  `ord_id` int(20) NOT NULL AUTO_INCREMENT COMMENT '订单编号',
  `pro_id` int(20) DEFAULT NULL COMMENT '商品编号',
  `size_id` int(20) DEFAULT NULL COMMENT '规格编号',
  `store_id` int(20) DEFAULT NULL COMMENT '店铺编号',
  `pro_num` int(20) DEFAULT NULL COMMENT '发货数量',
  `money` int(20) DEFAULT NULL COMMENT '实付金额',
  `user_id` int(20) DEFAULT NULL COMMENT '付款人',
  `consignee` varchar(255) DEFAULT NULL COMMENT '收货人',
  `phone` varchar(12) DEFAULT NULL COMMENT '电话',
  `address` varchar(255) DEFAULT NULL COMMENT '收货地址',
  `ord_status` int(4) DEFAULT NULL COMMENT '状态:0.未付款；1.待发货；2.待确认收货；3.退款售后\r\n4.交易成功，5.交易关闭',
  `comment` varchar(255) DEFAULT NULL COMMENT '注备',
  `create_time` datetime DEFAULT NULL ON UPDATE CURRENT_TIMESTAMP COMMENT '创建时间',
  `update_time` datetime DEFAULT NULL COMMENT '更新时间',
  PRIMARY KEY (`ord_id`) USING BTREE
) ENGINE=InnoDB AUTO_INCREMENT=21 DEFAULT CHARSET=utf8mb4;

/*Data for the table `gy_order` */

insert  into `gy_order`(`ord_id`,`pro_id`,`size_id`,`store_id`,`pro_num`,`money`,`user_id`,`consignee`,`phone`,`address`,`ord_status`,`comment`,`create_time`,`update_time`) values (1,1,1,10001,60,108,10001,'张三','13611112222','广西贺州',0,NULL,'2022-09-16 18:08:45','2022-09-16 18:08:45'),(2,1,1,10001,60,108,10001,'张三','13611112222','广西贺州',0,NULL,'2022-09-10 10:21:57','2022-09-09 19:36:04'),(3,1,1,10001,60,108,10001,'张三','13611112222','广西贺州',3,NULL,'2022-09-16 18:18:10','2022-09-16 18:18:10'),(4,1,1,10001,60,108,10001,'张三','13611112222','广西贺州',3,NULL,'2022-09-10 10:21:54','2022-09-09 20:12:55'),(5,1,1,10001,60,108,10001,'张三','13611112222','广西贺州',4,NULL,'2022-09-10 10:21:47','2022-09-09 20:13:24'),(6,6,3,10001,1,38,10001,'张三','13611112221','广西贺州',1,NULL,'2022-09-16 17:33:42','2022-09-16 16:37:12'),(7,22,12,10001,1,250,10001,'张三','13611112221','广西贺州',1,NULL,'2022-09-16 17:33:43','2022-09-16 16:37:12'),(8,24,15,10001,2000,6000,10001,'张三','13611112221','广西贺州',2,NULL,'2022-09-20 00:01:20','2022-09-16 16:37:12'),(9,26,17,10001,8,2384,10001,'张三','13611112221','广西贺州',2,NULL,'2022-09-20 00:01:24','2022-09-16 16:37:12'),(10,1,1,10001,61,109,10001,'张三','13611112221','广西贺州',1,NULL,'2022-09-16 17:33:49','2022-09-16 16:37:12'),(11,22,10,10001,101,9595,10001,'张三','13611112221','广西贺州',1,NULL,'2022-09-16 17:33:51','2022-09-16 16:37:12'),(12,22,10,10001,20,1900,10001,'张三','13611112221','广西贺州',1,NULL,'2022-09-16 17:33:52','2022-09-16 16:37:12'),(13,1,2,10001,100,350,10001,'张三','13611112221','广西贺州',0,NULL,'2022-09-16 17:33:55','2022-09-16 16:39:23'),(14,5,7,10001,1,22,10001,'张三','13611112221','广西贺州',1,NULL,'2022-09-16 17:33:27','2022-09-16 17:29:59'),(15,5,8,10001,1,14,10001,'张三','13611112221','广西贺州',1,NULL,'2022-09-16 17:32:41','2022-09-16 17:32:41'),(16,5,8,10001,1,14,10001,'张三','13611112221','广西贺州',1,NULL,'2022-09-16 17:32:51','2022-09-16 17:32:51'),(17,1,2,10001,60,210,10001,'张三','13611112221','广西贺州',1,NULL,'2022-09-16 17:59:56','2022-09-16 17:59:56'),(18,1,2,10001,60,210,10001,'张三','13611112221','广西贺州',1,NULL,'2022-09-17 16:33:30','2022-09-17 16:33:30'),(19,5,6,10001,1,13,10001,'张三','13611112221','广西贺州',1,NULL,'2022-09-17 16:33:30','2022-09-17 16:33:30'),(20,1,2,10001,60,210,10001,'张三','13611112221','广西贺州',0,NULL,'2022-09-17 16:33:59','2022-09-17 16:33:59');

/*Table structure for table `gy_product` */

DROP TABLE IF EXISTS `gy_product`;

CREATE TABLE `gy_product` (
  `pro_id` int(20) NOT NULL AUTO_INCREMENT COMMENT '商品编号',
  `pro_name` text COMMENT '商品名字',
  `cate_id` int(20) DEFAULT NULL COMMENT '商品种类编号',
  `user_id` int(20) DEFAULT NULL COMMENT '用户编号',
  `store_id` int(20) DEFAULT NULL COMMENT '店铺编号',
  `origin` varchar(255) DEFAULT NULL COMMENT '发货地址',
  `amount` int(20) DEFAULT NULL COMMENT '商品销量',
  `price` double(20,2) DEFAULT NULL COMMENT '商品单价',
  `image` varchar(255) DEFAULT NULL COMMENT '商品照片',
  `title` text COMMENT '商品标题',
  `detail` text COMMENT '商品简介',
  `pro_status` int(4) DEFAULT NULL COMMENT '上架状态，1，上架，0，下架，2，审核中，3，审核成功，4，审核失败',
  `create_time` datetime DEFAULT NULL COMMENT '创建时间',
  `update_time` datetime DEFAULT NULL COMMENT '更新时间',
  PRIMARY KEY (`pro_id`) USING BTREE
) ENGINE=InnoDB AUTO_INCREMENT=50 DEFAULT CHARSET=utf8mb4;

/*Data for the table `gy_product` */

insert  into `gy_product`(`pro_id`,`pro_name`,`cate_id`,`user_id`,`store_id`,`origin`,`amount`,`price`,`image`,`title`,`detail`,`pro_status`,`create_time`,`update_time`) values (1,'大青芒',10001,10001,10028,'广西壮族自治区百色市田阳区',2000,NULL,'1663250226627.jpeg','','0',2,'2022-07-22 21:57:12','2022-09-17 16:35:14'),(5,'海南贵妃芒果',10001,10001,10001,'海南省三亚市崖州区',2000,NULL,'1663250234498.jpg','','',2,'2022-07-23 16:56:08','2022-08-26 15:20:18'),(6,'广西金煌芒',10001,10001,10001,'广西壮族自治区百色市田阳区',2000,NULL,'1663250282567.jpg','','',2,'2022-07-23 16:57:56','2022-08-26 15:20:18'),(7,'桂七芒果',10001,10001,10001,'广西壮族自治区百色市田东县',3000,NULL,'1663250230585.jpeg','','',2,'2022-07-23 16:59:25','2022-08-26 15:20:20'),(8,'正宗赣南脐橙新鲜橙子',10058,10001,10001,'江西省赣州市赣县区',30000,NULL,'1663251209007.jpg','','',2,'2022-07-23 17:00:59','2022-08-26 15:20:21'),(9,'纽荷尔脐橙',10058,10001,10001,'重庆市重庆市巫山县',10000,NULL,'1663251203720.jpg','赏巫山红叶，品神女仙果—巫山特产曲尺纽荷尔、长虹脐橙现已大量上市，个大色红果形端庄，入口香甜多汁、脆嫩化渣！挂树鲜果自产自销20斤/箱全国包邮','',2,'2022-07-23 17:02:06','2022-08-26 15:20:22'),(14,'秭归夏橙',10058,10001,10001,'湖北省宜昌市宜都市',10000,NULL,'1663251201451.jpeg','【超甜】秭归夏橙当季新鲜水果橙子5/10斤现摘手剥甜橙脐橙子','夏橙大量上市了，口感甜，水分充足',2,'2022-07-23 19:42:13','2022-09-19 13:36:48'),(21,'云南高山鹰嘴芒',10001,10001,10001,'云南省玉溪市元江哈尼族彝族傣族自治县',10000,NULL,'1663250237841.jpg',NULL,NULL,2,'2022-08-19 21:19:11','2022-08-26 15:18:52'),(22,'茂名高州特价荔枝 2022新鲜水果白糖罂荔枝',10002,10001,10001,'\r\n广东省茂名市高州市',100,NULL,'1663250832675.jpeg','顺丰京东鲜递包送到支持一件代发 2023年荔枝销售时欢迎全国客商再品尝',NULL,2,'2022-08-19 22:04:06','2022-08-26 15:18:53'),(23,'仙进奉荔枝 荔枝 增城 清甜多汁新鲜现摘 原产地直发',10002,10001,10001,'\r\n广东省广州市增城区',1,NULL,'1663250839115.jpeg','正宗增城基岗仙进奉荔枝 新鲜美味 核小肉厚 原产地现摘现发',NULL,2,'2022-08-19 22:06:41','2022-08-26 15:18:54'),(24,'妃子笑荔枝 广东省茂名市电白区',10002,10001,10001,'\r\n广东省茂名市电白区',1000,NULL,'1663250842512.jpg',NULL,NULL,2,'2022-08-19 22:08:36','2022-08-26 15:18:54'),(25,'仙进奉荔枝 荔枝 增城 清甜多汁新鲜现摘',10002,10001,10001,'\r\n广东省广州市增城区',10000,NULL,'1663250829752.jpeg','正宗增城仙进奉荔枝 新鲜美味 核小肉厚 现摘现发','',2,'2022-08-19 22:10:14','2022-08-26 15:18:55'),(26,'从化喜丰果园禾荔荔枝 槐枝 怀枝 从化高山槐枝荔枝清甜滑嫩',10002,10001,10001,'\r\n广东省广州市从化区',10000,NULL,'1663250835981.jpg','从化喜丰果园的荔枝，喝山泉水长大的荔枝就是不一样。',NULL,2,'2022-08-19 22:21:41','2022-08-26 15:18:55'),(28,'龙眼',10003,10001,10028,'广西贺州',0,NULL,'1663395963428.jpeg','产地直销，一手货源','龙眼大量上市，皮溥肉厚，产地直销，价格便宜欢迎选购。',2,'2022-09-17 14:26:05','2022-09-17 15:28:19'),(29,'精品礼盒海南金钻凤梨台农牛奶金菠萝手撕无眼凤梨10斤包邮',10004,10003,10031,'广西贺州',0,NULL,'1663397010817.jpg','手撕纯甜无眼凤梨，海南热带岛屿品种','1、产品名称：海南金钻凤梨 2、发货地：海南/云南 3、供货周期：11月-4月底 4、默认快递：中通、圆通等快递随机 5、包装方式：纸箱+网套 6、发货时效：48小时内发货 7、一件代发到货区域：新疆/西藏/青海/港澳台不发货，北京/上海+2，甘肃/宁夏/内蒙/黑龙江/辽宁/吉林+4 8、产品特性/食用说明：纯甜汁水充足，香味浓郁，7-8成熟发货，请催熟食用。            9、售后赔付标准：签收24小时内把坏果和快递放一起拍照，按坏果个数赔付。轻微碰伤/口感差异不影响食用不售后，辨别不了需要切开拍图。 ',2,'2022-09-17 14:44:21','2022-09-17 15:11:12'),(30,'海南金钻凤梨 当季水果 手撕凤梨 新鲜无眼香水菠萝',10004,10003,10031,'广西贺州',0,NULL,'1663398758964.jpg','海南金钻凤梨9斤带箱新鲜水果当季应季整箱手撕菠萝无眼香水','【名称】金钻凤梨 【包装】纸箱/泡沫箱 【产地】海南 【快递】圆通随机发，北京+2元，上海+2元，东三省+2元，新疆西藏内蒙甘肃宁夏青海不发货 【销售方式】现货销售 【产品亮点】一口凤梨入口，丰沛的汁水从牙齿间溢出，汁多味美，爽脆细致的果肉，恰到好处却不涩口！ 【售后理赔标准】 1、签收后24小时内把签收面单和所有坏果(切开，露出不能食用部分)一起拍照反馈。根据坏果数量比例理赔。 2、个人口感、喜好、色差不属于理赔范围。 3、接受未开箱前称重，并附上清晰的面单正面照片和电子秤刻度照片一张，开箱后称重的不理赔。 4、签收后24小时内果皮外观有轻微变化、瑕疵不影响食用，不予理赔。 5、水果格有浮动，价格调整，不接受任何理由的差价补偿之说。 6、拒收，签收超时，（冻果不售后），客户地址/号码有误，因客户原因延迟收件等，不在售后范围内。一经下单不接受退换货及改地址！若客户强烈要求修改收货地址，我司可尝试修改地址，修改成功所产生的物流及其余费用差额及坏果由买家承担！',2,'2022-09-17 15:13:15','2022-09-17 15:20:30'),(31,'富川脐橙',10058,10001,10032,' 广西壮族自治区贺州市富川瑶族自治县',0,NULL,'1663566036783.jpeg','正宗富川脐橙','',2,'2022-09-19 13:41:54','2022-09-19 13:49:42'),(32,'富川脐橙 一件起批，样品价',10058,10001,10032,'广西壮族自治区贺州市富川瑶族自治县',0,NULL,'1663566208861.jpeg','正宗富川脐橙','天然鲜果，可大量批发',2,'2022-09-19 13:45:33','2022-09-19 13:49:43'),(33,'富川脐橙上市了',10058,10001,10032,' 广西壮族自治区贺州市富川瑶族自治县',0,NULL,'1663566450235.jpeg','货源充足','自家果园，自然成熟，甜过初恋',2,'2022-09-19 13:48:11','2022-09-19 13:53:51'),(34,'广西富川纽何尔脐橙',10058,10001,10032,' 广西壮族自治区贺州市富川瑶族自治县',0,NULL,'1663566756439.jpg','货源充足','自家果园，自然成熟，甜过初恋',2,'2022-09-19 13:53:30','2022-09-19 14:02:38'),(35,'广西富川黄花梨',10037,10001,10032,'广西壮族自治区贺州市富川瑶族自治县',0,NULL,'1663566952463.jpeg','欢迎选购','',2,'2022-09-19 13:56:52','2022-09-19 14:02:38'),(36,'广西富川翠冠梨黄花梨口感脆甜多汁夏季解暑新鲜水果',10037,10001,10032,'广西壮族自治区贺州市富川瑶族自治县',0,NULL,'1663567101992.jpeg','望梨止渴、食梨生津、吃在嘴里、甜在心里。\n','大量供应翠冠梨，黄花梨。可提供代办。',2,'2022-09-19 13:59:01','2022-09-19 14:02:39'),(37,'广西富川新鲜梨子翠冠梨冰淇梨口感清脆',10037,10001,10032,' 广西壮族自治区贺州市富川瑶族自治县',0,NULL,'1663567208940.jpeg','鲜美多汁，欢迎大家选购','货源充足',2,'2022-09-19 14:01:20','2022-09-19 14:02:40'),(38,'【消费扶贫产品】广西富川冰淇梨（翠冠梨',10037,10001,10032,'广西壮族自治区贺州市富川瑶族自治县',0,NULL,'1663567474778.jpeg','正宗富川冰淇梨（翠冠梨）','【广西贺州市富川县消费扶贫项目】 正宗富川冰淇梨（翠冠梨），坚持不打药不催熟不加保鲜剂，果园现摘现发，新鲜直达。果肉很细腻，清甜多汁爽口皮薄，消暑润肺，放冰箱冷藏口感更佳，夏天吃再合适不过了！',2,'2022-09-19 14:05:19','2022-09-19 14:21:10'),(39,'新鲜马蹄荸荠大地梨地栗子农家果子时令水果新鲜红马蹄果当季',10034,10001,10032,' 广西壮族自治区贺州市八步区',0,NULL,'1663567699789.jpg','新鲜马蹄荸荠大地梨地栗子农家果子时令水果新鲜红马蹄果当季','广西贺州大量批发马蹄，厂地直销',2,'2022-09-19 14:09:07','2022-09-19 14:21:11'),(40,'广西贺州马蹄',10034,10001,10032,'广西壮族自治区贺州市八步区',0,NULL,'1663567850431.jpg','新鲜马蹄，货源充足','欢迎大家选购',2,'2022-09-19 14:11:52','2022-09-19 14:21:11'),(41,'广西特产农家马蹄荸荠脆甜无渣白马蹄肉厚多汁天然种植长寿之乡',10034,10001,10032,' 广西壮族自治区贺州市八步区',0,NULL,'1663567979460.jpeg','新鲜马蹄','农家马蹄自家种植新鲜脆甜无渣，肉质脆爽个大饱满，远离城市健康种植长寿之乡环境，自然成熟，新鲜美味，皮薄肉厚，清甜可口，皮色紫黑，肉质洁白，味甜多汁，马蹄：又称荸荠，一口脆甜回味无穷，煮熟生吃都可以哦，',2,'2022-09-19 14:13:43','2022-09-19 14:21:12'),(42,'[正宗广西马蹄]新鲜特大马蹄荸荠地栗农家特产',10034,10001,10032,' 广西壮族自治区贺州市八步区',0,NULL,'1663568154906.jpg','欢迎大家选购','[正宗广西马蹄]新鲜特大马蹄荸荠地栗农家特产',2,'2022-09-19 14:16:30','2022-09-19 14:21:12'),(43,'广西贺州马蹄 毛马蹄',10034,10001,10032,'广西壮族自治区贺州市八步区',0,NULL,'1663568335415.jpeg','新鲜马蹄，大量上市','货源充足，可大量采购',2,'2022-09-19 14:19:50','2022-09-19 14:21:12'),(44,'广西贺州正宗三华李 大量上市 一手货源',10040,10001,10032,' 广西壮族自治区贺州市八步区',0,NULL,'1663569085683.jpg','广西贺州正宗三华李 大量上市 一手货源','广西贺州正宗三华李 大量上市 一手货源',1,'2022-09-19 14:32:00','2022-09-19 14:42:58'),(45,'正宗三华李广西贺州市银妃三华李子新鲜水果酸爽脆红心红肉李子',10040,10001,10032,' 广西壮族自治区贺州市八步区',0,NULL,'1663569180763.jpeg','正宗三华李广西贺州市银妃三华李子新鲜水果酸爽脆红心红肉李子','正宗三华李广西贺州市银妃三华李子新鲜水果酸爽脆红心红肉李子',2,'2022-09-19 14:33:36','2022-09-19 14:43:08'),(46,'青脆李 三月李 早李 脆李子 大量上市 一手货源',10040,10001,10032,'广西壮族自治区贺州市八步区',0,NULL,'1663569276529.jpeg','青脆李 三月李 早李 脆李子 大量上市 一手货源','青脆李 三月李 早李 脆李子 大量上市 一手货源',2,'2022-09-19 14:35:00','2022-09-19 14:43:09'),(47,'新鲜现摘红心李子三华李鸡心李脆甜水果樱桃红肉李当季5斤装',10040,10001,10032,' 广西壮族自治区贺州市八步区',0,NULL,'1663569363535.jpeg','新鲜现摘红心李子三华李鸡心李脆甜水果樱桃红肉李当季5斤装','新鲜现摘红心李子三华李鸡心李脆甜水果樱桃红肉李当季5斤装',2,'2022-09-19 14:36:26','2022-09-19 14:43:09'),(48,'广西青李三月李子水果新鲜脆李珍珠酸李子现货',10040,10001,10032,' 广西壮族自治区贺州市八步区',0,NULL,'1663569541077.jpeg','欢迎大家选购','货源充足',2,'2022-09-19 14:39:36','2022-09-19 14:43:10'),(49,'广西三月李青李子三华李',10040,10001,10032,' 广西壮族自治区贺州市八步区',0,NULL,'1663569674784.jpg','欢迎大家选购','货源充足',2,'2022-09-19 14:41:59','2022-09-19 14:43:11');

/*Table structure for table `gy_review` */

DROP TABLE IF EXISTS `gy_review`;

CREATE TABLE `gy_review` (
  `review_id` int(20) NOT NULL AUTO_INCREMENT COMMENT '评论编号',
  `pro_id` int(20) DEFAULT NULL COMMENT '商品编号',
  `store_id` int(20) DEFAULT NULL COMMENT '店铺编号',
  `content` text COMMENT '评论内容',
  `user_id` int(20) DEFAULT NULL COMMENT '用户编号',
  `review_status` int(4) DEFAULT NULL COMMENT '状态:1.通过;0.审核中;2.未审核',
  `create_time` datetime DEFAULT NULL COMMENT '创建时间',
  `update_time` datetime DEFAULT NULL COMMENT '更新时间',
  PRIMARY KEY (`review_id`) USING BTREE
) ENGINE=InnoDB AUTO_INCREMENT=8 DEFAULT CHARSET=utf8mb4;

/*Data for the table `gy_review` */

insert  into `gy_review`(`review_id`,`pro_id`,`store_id`,`content`,`user_id`,`review_status`,`create_time`,`update_time`) values (1,1,10001,'1',10001,0,'2022-08-12 23:16:13','2022-09-17 10:32:27'),(2,1,10001,'测试---------',10003,1,'2022-08-12 23:16:39','2022-09-17 10:32:25'),(3,5,10001,'测试',10001,0,'2022-08-12 23:17:16','2022-08-13 17:04:24'),(5,5,10001,'测试',10003,1,'2022-08-12 23:19:39','2022-08-12 23:19:39'),(6,1,NULL,'测试',10001,2,'2022-09-15 17:30:18','2022-09-17 10:32:32'),(7,5,10001,'很好吃',10001,1,'2022-09-15 17:45:06','2022-09-15 17:45:06');

/*Table structure for table `gy_sales` */

DROP TABLE IF EXISTS `gy_sales`;

CREATE TABLE `gy_sales` (
  `sales_id` int(20) NOT NULL AUTO_INCREMENT COMMENT '销量纪录id',
  `pro_id` int(20) DEFAULT NULL COMMENT '商品id',
  `sales_num` int(20) DEFAULT NULL COMMENT '销售数量',
  `sales_sum` double(20,2) DEFAULT NULL COMMENT '销售总金额',
  `sales_order` int(20) DEFAULT NULL COMMENT '订单数量',
  PRIMARY KEY (`sales_id`)
) ENGINE=InnoDB DEFAULT CHARSET=utf8mb4;

/*Data for the table `gy_sales` */

/*Table structure for table `gy_size` */

DROP TABLE IF EXISTS `gy_size`;

CREATE TABLE `gy_size` (
  `size_id` int(20) NOT NULL AUTO_INCREMENT COMMENT '规格编号',
  `pro_id` int(20) DEFAULT NULL COMMENT '商品编号',
  `size_title` text COMMENT '规格描述',
  `pro_price` double(10,2) DEFAULT NULL COMMENT '单价',
  `unit` varchar(255) DEFAULT NULL COMMENT '单位',
  `min_num` int(20) DEFAULT NULL COMMENT '起批量',
  `max_num` int(20) DEFAULT NULL COMMENT '最大购买数量',
  `size_status` int(4) DEFAULT NULL COMMENT '上架状态，1，上架，0，下架',
  `create_time` datetime DEFAULT NULL COMMENT '创建时间',
  `update_time` datetime DEFAULT NULL COMMENT '更新时间',
  PRIMARY KEY (`size_id`)
) ENGINE=InnoDB AUTO_INCREMENT=64 DEFAULT CHARSET=utf8mb4;

/*Data for the table `gy_size` */

insert  into `gy_size`(`size_id`,`pro_id`,`size_title`,`pro_price`,`unit`,`min_num`,`max_num`,`size_status`,`create_time`,`update_time`) values (1,1,'大青芒2级果',1.80,'斤',60,20000,1,'2022-08-13 19:29:56','2022-08-13 19:29:56'),(2,1,'大青芒1级果',3.50,'斤',60,10000,1,'2022-08-13 19:31:06','2022-08-13 19:31:06'),(3,6,'金煌芒~带箱9-10斤特大果~果王，9.00斤/箱',38.00,'箱',1,100000,0,'2022-08-13 19:36:44','2022-08-13 19:36:44'),(4,6,'金煌芒带箱9斤～大果超值~店家推荐，9.00斤/箱',37.00,'箱',1,10000,1,'2022-08-13 19:37:21','2022-08-13 19:37:21'),(5,6,'金煌芒带箱9斤~精选中果~偏小，9.00斤/箱',34.00,'箱',1,100000,1,'2022-08-13 19:38:16','2022-08-13 19:38:16'),(6,5,'贵妃芒小果5斤80-100g，5.00斤/箱',13.00,'箱',1,10000,1,'2022-08-13 19:39:46','2022-08-13 19:39:46'),(7,5,'小贵妃9斤小果80-100g，9.00斤/箱',22.00,'箱',1,20000,1,'2022-08-13 19:40:45','2022-08-13 19:40:45'),(8,5,'贵妃芒中果5斤100-150g，5.00斤/箱',14.00,'箱',1,160000,1,'2022-08-13 19:41:24','2022-08-13 19:41:24'),(9,7,'通货',4.50,'斤',800,20000,1,'2022-08-13 19:43:42','2022-08-13 19:43:42'),(10,22,'\r\n白糖罂荔枝（省内），5.00斤/箱',95.00,'箱',1,20000,1,'2022-08-19 22:05:13','2022-08-19 22:05:13'),(11,22,'白糖罂荔枝（省外），5.00斤/箱',125.00,'箱',1,20000,1,'2022-08-19 22:05:13','2022-08-19 22:05:13'),(12,22,'白糖罂荔枝（省外），10.00斤/箱',250.00,'箱',1,2000,1,'2022-08-19 22:05:39','2022-08-19 22:05:39'),(13,23,'仙村镇基岗仙进奉荔枝（广东省顺丰快递包邮），10.00斤/箱',380.00,'箱',1,20000,1,'2022-08-19 22:07:28','2022-08-19 22:07:28'),(14,23,'基岗仙进奉荔枝（广东省顺丰快递包邮），5.00斤/箱',180.00,'箱',1,20000,1,'2022-08-19 22:07:53','2022-08-19 22:07:53'),(15,24,'通货',3.00,'斤',2000,200000,1,'2022-08-19 22:09:17','2022-08-19 22:09:17'),(16,25,'\r\n仙进奉特级果',50.00,'斤',10,10000,1,'2022-08-19 22:10:50','2022-08-19 22:10:50'),(17,26,'\r\n10斤广东省外包邮价，10.00斤/箱',298.00,'箱',5,1000,1,'2022-08-19 22:22:51','2022-08-19 22:22:51'),(18,26,'10斤广东省包邮价，10.00斤/箱',218.00,'箱',5,100000,1,'2022-08-19 22:23:22','2022-08-19 22:23:22'),(19,26,'5斤广东省外包邮价，5.00斤/箱',178.00,'箱',10,100000,1,'2022-08-19 22:24:19','2022-08-19 22:24:19'),(21,1,'测试',1.00,'斤',1,10,0,'2022-08-23 14:34:09','2022-09-17 14:12:33'),(24,1,'aa',10.00,'斤',10,11000,1,'2022-09-17 14:17:41','2022-09-17 14:17:41'),(25,29,'2斤精选试吃（1个），1.50斤/箱',16.80,'箱',1,10000,1,'2022-09-17 15:10:10','2022-09-17 15:10:10'),(26,29,'5斤精选凤梨【2-3个】，5.00斤/箱',29.80,'箱',1,10000,1,'2022-09-17 15:10:41','2022-09-17 15:10:41'),(27,29,'8斤精选凤梨【4-6个】，8.00斤/箱',39.80,'箱',1,100000,1,'2022-09-17 15:11:09','2022-09-17 15:11:09'),(28,30,' 金钻凤梨5斤装【2-3个】，5.00斤/箱',24.80,'箱',1,1000,1,'2022-09-17 15:13:45','2022-09-17 15:13:45'),(29,30,'金钻凤梨8斤装【4-6个】，8.00斤/箱',33.80,'箱',1,1000,1,'2022-09-17 15:14:11','2022-09-17 15:14:11'),(30,30,'金钻凤梨9斤装【4-6个】，9.00斤/箱',36.80,'箱',1,10000,1,'2022-09-17 15:14:36','2022-09-17 15:14:36'),(31,28,' 通货',3.00,'斤',2000,100000,1,'2022-09-17 15:28:17','2022-09-17 15:28:17'),(32,14,' 70mm以上净重9斤，9.00斤/箱',50.00,'箱',1,1000,1,'2022-09-19 13:31:05','2022-09-19 13:31:05'),(33,14,'60一65mm净重9斤，9.00斤/箱',40.00,'箱',1,1000,1,'2022-09-19 13:31:43','2022-09-19 13:31:43'),(34,14,'60mm以下净重9斤，9.00斤/箱',35.00,'箱',1,1000,1,'2022-09-19 13:32:06','2022-09-19 13:32:06'),(35,31,' 通货',6.00,'斤',10,100000,1,'2022-09-19 13:42:46','2022-09-19 13:42:46'),(36,32,'通用，10.00斤/箱',68.00,'箱',1,10000,1,'2022-09-19 13:46:02','2022-09-19 13:46:02'),(37,33,' 富川脐橙',2.80,'斤',20000,1000000,1,'2022-09-19 13:48:58','2022-09-19 13:48:58'),(38,34,'65-85，10.00斤/箱',53.80,'箱',1,10000,1,'2022-09-19 13:54:28','2022-09-19 13:54:28'),(39,35,' 黄花梨',1.30,'斤',1000,1000000,1,'2022-09-19 13:57:46','2022-09-19 13:57:46'),(40,36,' 翠冠梨',2.00,'斤',2000,2000000,1,'2022-09-19 13:59:32','2022-09-19 13:59:32'),(41,37,' 翠冠梨，5.00斤/箱',40.00,'箱',1,10000,1,'2022-09-19 14:01:51','2022-09-19 14:01:51'),(42,38,' 通货，10.00斤/箱',59.00,'箱',1,10000,1,'2022-09-19 14:06:03','2022-09-19 14:06:03'),(43,39,' 通货',1.00,'斤',10000,1000000,1,'2022-09-19 14:09:41','2022-09-19 14:09:41'),(44,39,'大号',1.60,'斤',10000,1000000,1,'2022-09-19 14:10:03','2022-09-19 14:10:03'),(45,39,'中号',1.20,'斤',10000,1000000,1,'2022-09-19 14:10:23','2022-09-19 14:10:23'),(46,40,' 通货',1.00,'斤',5000,1000000,1,'2022-09-19 14:12:19','2022-09-19 14:12:19'),(47,41,' 大',2.60,'斤',12000,1000000,1,'2022-09-19 14:14:13','2022-09-19 14:14:13'),(48,41,'中',1.80,'斤',1000,1000000,1,'2022-09-19 14:14:46','2022-09-19 14:14:46'),(49,41,'小',0.80,'斤',1000,1000000,1,'2022-09-19 14:15:01','2022-09-19 14:15:13'),(50,42,' 大果',1.80,'斤',1000,100000,1,'2022-09-19 14:17:09','2022-09-19 14:17:09'),(51,42,'中果',1.50,'斤',1000,100000,1,'2022-09-19 14:17:32','2022-09-19 14:17:32'),(52,42,'通货',1.20,'斤',1000,100000,1,'2022-09-19 14:18:04','2022-09-19 14:18:04'),(53,43,'通货',1.90,'斤',5000,1000000,1,'2022-09-19 14:20:18','2022-09-19 14:20:18'),(54,44,'通货',1.50,'斤',1000,1000000,1,'2022-09-19 14:32:31','2022-09-19 14:32:31'),(55,45,' 通货',1.20,'斤',10000,1000000,1,'2022-09-19 14:34:00','2022-09-19 14:34:00'),(56,46,'通货',1.20,'斤',1000,100000,1,'2022-09-19 14:35:26','2022-09-19 14:35:26'),(57,47,'5斤装',26.80,'箱',1,100000,1,'2022-09-19 14:37:16','2022-09-19 14:37:16'),(58,47,'3斤装',12.80,'箱',1,10000,1,'2022-09-19 14:37:38','2022-09-19 14:37:38'),(59,47,'通1斤装',9.90,'斤',10,10000,1,'2022-09-19 14:38:05','2022-09-19 14:38:05'),(60,48,' 中大果',2.00,'斤',1000,100000,1,'2022-09-19 14:40:03','2022-09-19 14:40:03'),(61,48,'中小果',1.60,'斤',1000,100000,1,'2022-09-19 14:40:20','2022-09-19 14:40:20'),(62,48,'通货',1.30,'斤',1000,100000,1,'2022-09-19 14:40:37','2022-09-19 14:40:37'),(63,49,'通货，3斤/箱',15.00,'箱',1,10000,1,'2022-09-19 14:42:52','2022-09-19 14:42:52');

/*Table structure for table `gy_slideshow` */

DROP TABLE IF EXISTS `gy_slideshow`;

CREATE TABLE `gy_slideshow` (
  `slide_id` int(20) NOT NULL AUTO_INCREMENT COMMENT '轮播图编号',
  `slide_imge` text COMMENT '轮播图URL',
  `slide_status` int(4) DEFAULT NULL COMMENT '状态',
  `create_time` datetime DEFAULT NULL COMMENT '创建时间',
  `update_time` datetime DEFAULT NULL COMMENT '更改时间',
  PRIMARY KEY (`slide_id`)
) ENGINE=InnoDB AUTO_INCREMENT=8 DEFAULT CHARSET=utf8mb4;

/*Data for the table `gy_slideshow` */

insert  into `gy_slideshow`(`slide_id`,`slide_imge`,`slide_status`,`create_time`,`update_time`) values (1,'1.jpg',1,'2022-08-14 16:42:31','2022-09-10 16:51:13'),(2,'1-1ZR015424c18.jpg',2,'2022-08-14 16:42:42','2022-09-10 16:51:14'),(3,'27078740_173927452125_2.jpg',3,'2022-08-14 16:42:56','2022-09-10 16:51:16'),(4,'M-284484-BE396534.jpg',4,'2022-08-14 16:43:03','2022-09-10 16:51:17'),(6,'1.jpg',0,'2022-08-14 20:00:27','2022-09-10 16:51:05'),(7,'1.jpg',0,'2022-08-14 20:00:44','2022-08-14 20:00:44');

/*Table structure for table `gy_store` */

DROP TABLE IF EXISTS `gy_store`;

CREATE TABLE `gy_store` (
  `store_id` int(20) NOT NULL AUTO_INCREMENT COMMENT '店铺编号',
  `store_name` varchar(255) DEFAULT NULL COMMENT '店铺名称',
  `store_title` text COMMENT '店铺简介',
  `store_site` varchar(255) DEFAULT NULL COMMENT '店铺地址',
  `store_imge` varchar(255) DEFAULT NULL COMMENT '店铺照片',
  `user_id` int(20) DEFAULT NULL COMMENT '用户id',
  `pro_num` int(20) NOT NULL DEFAULT '0' COMMENT '店铺商品数量',
  `store_status` int(20) NOT NULL DEFAULT '0' COMMENT '是否使用:1.启用 0.未启用',
  `create_time` datetime DEFAULT NULL COMMENT '创建时间',
  `update_time` datetime DEFAULT NULL COMMENT '更新时间',
  PRIMARY KEY (`store_id`)
) ENGINE=InnoDB AUTO_INCREMENT=10033 DEFAULT CHARSET=utf8mb4;

/*Data for the table `gy_store` */

insert  into `gy_store`(`store_id`,`store_name`,`store_title`,`store_site`,`store_imge`,`user_id`,`pro_num`,`store_status`,`create_time`,`update_time`) values (10001,'谷雨1号店','官方品质,值得信赖','广西壮族自治区贺州市','1663395712588.jpg',10001,-1,2,'2022-07-22 17:12:57','2022-09-16 20:31:56'),(10002,'测试一号店','测试中-----------','广西壮族自治区贺州市',NULL,10001,0,2,'2022-07-23 21:13:50','2022-09-16 20:38:10'),(10003,'测试一号店','测试中-----------','0',NULL,10003,0,2,'2022-07-23 21:16:31','2022-09-16 20:38:35'),(10004,'测试一号店','测试中-----------','广西壮族自治区贺州市','',10001,0,0,'2022-07-30 20:34:06','2022-09-16 21:54:22'),(10005,'测试一号店','测试中-----------','广西贺州','',10001,0,0,'2022-08-02 14:11:43','2022-09-16 21:53:55'),(10006,'测试一号店','测试中-----------',NULL,NULL,10001,0,1,'2022-08-02 14:11:44','2022-09-16 20:35:08'),(10007,'测试一号店','测试中-----------',NULL,NULL,10001,0,3,'2022-08-02 14:11:45','2022-09-09 23:51:44'),(10008,'测试一号店','测试中-----------',NULL,NULL,10001,0,1,'2022-08-02 14:11:45','2022-09-16 20:35:10'),(10009,'测试一号店','测试中-----------',NULL,NULL,10001,0,1,'2022-08-02 14:11:46','2022-08-23 22:29:15'),(10010,'测试一号店','测试中-----------',NULL,NULL,10001,0,0,'2022-08-02 14:11:46','2022-08-02 14:11:46'),(10011,'测试一号店','测试中-----------',NULL,NULL,10001,0,0,'2022-08-02 14:11:47','2022-08-02 14:11:47'),(10012,'测试一号店','测试中-----------',NULL,NULL,10001,0,0,'2022-08-02 14:11:47','2022-08-02 14:11:47'),(10013,'测试一号店','测试中-----------',NULL,NULL,10001,0,0,'2022-08-02 14:11:47','2022-08-02 14:11:47'),(10014,'测试一号店','测试中-----------',NULL,NULL,10001,0,0,'2022-08-02 14:11:48','2022-08-02 14:11:48'),(10015,'测试一号店','测试中-----------',NULL,NULL,10001,0,0,'2022-08-02 15:03:54','2022-08-02 15:03:54'),(10018,'测试一号店','测试中-----------',NULL,NULL,10001,0,0,'2022-08-17 20:52:40','2022-08-17 20:52:40'),(10019,'测试','测试','测试',NULL,10001,0,0,'2022-08-17 20:58:06','2022-08-17 20:58:06'),(10020,'测试一号店','测试中-----------',NULL,'',10001,0,1,'2022-09-14 22:21:20','2022-09-17 16:36:05'),(10021,'测试一号店','测试中-----------',NULL,'',10001,0,0,'2022-09-14 22:29:22','2022-09-14 22:29:22'),(10022,'awdaw','dawd','awdwa','',10001,0,0,'2022-09-14 22:33:27','2022-09-14 22:33:27'),(10028,'谷雨2号店','官方店铺，品质保证','广西贺州','1663395712588.jpg',10001,2,2,'2022-09-16 21:24:41','2022-09-16 21:26:32'),(10029,'测试2222','1111111111111111','广西贺州','',10001,0,0,'2022-09-16 21:43:28','2022-09-16 21:43:28'),(10030,'shudwhaud','iajwdoawj','awjhdoiawjhd','',10001,0,0,'2022-09-16 22:30:25','2022-09-16 22:30:25'),(10031,'鱼米之乡','鱼米之乡，绿色健康食品','广西贺州','1663396745113.jpg',10003,2,2,'2022-09-17 14:39:55','2022-09-17 15:47:05'),(10032,'贺州延华农产品','贺州特色农产品，欢迎大家选购','广西贺州','1663565859196.jpg',10001,19,1,'2022-09-19 13:38:44','2022-09-19 13:38:50');

/*Table structure for table `gy_user` */

DROP TABLE IF EXISTS `gy_user`;

CREATE TABLE `gy_user` (
  `userid` int(20) NOT NULL AUTO_INCREMENT COMMENT '用户id',
  `username` varchar(255) CHARACTER SET utf8 COLLATE utf8_bin NOT NULL COMMENT '用户账号',
  `account` varchar(255) NOT NULL COMMENT '用户昵称',
  `password` varchar(255) NOT NULL COMMENT '用户密码',
  `image` varchar(255) DEFAULT NULL COMMENT '用户头像',
  `userphone` varchar(12) DEFAULT NULL COMMENT '电话',
  `email` varchar(255) DEFAULT NULL COMMENT '邮箱',
  `logintime` datetime DEFAULT NULL COMMENT '登录时间',
  `old_logintime` datetime DEFAULT NULL COMMENT '上一次登录时间',
  `power` int(4) DEFAULT '0' COMMENT '权限',
  PRIMARY KEY (`userid`)
) ENGINE=InnoDB AUTO_INCREMENT=10034 DEFAULT CHARSET=utf8mb4;

/*Data for the table `gy_user` */

insert  into `gy_user`(`userid`,`username`,`account`,`password`,`image`,`userphone`,`email`,`logintime`,`old_logintime`,`power`) values (10001,'admin','admin','admin','1663396843587.jpg','13744556655','admin@163.com','2022-09-20 00:16:05','2022-09-20 00:07:02',2),(10003,'张三','zhangsan','123456','1663383725375.jpg','13611223344','zhangsan@163.com','2022-09-20 00:10:43','2022-09-20 00:04:32',1),(10005,'王五','wangwu','123456',NULL,NULL,NULL,'2022-07-11 14:24:15',NULL,0),(10013,'lisi','lisi1234','123456',NULL,'13766552211','lisi@163.com',NULL,NULL,1),(10014,'唐僧','tangseng','123123',NULL,'13611228855','tangsen@qq.com',NULL,NULL,1),(10015,'白龙马','bailongma','112322',NULL,'13677556666','bai@163.com',NULL,NULL,0),(10016,'wwww','wdwawad','1234545',NULL,'13611112222','163@qq.com',NULL,NULL,0),(10017,'李大炮','dapao1','123321',NULL,'13611224433','123@qq.con',NULL,NULL,1),(10018,'孙十三','sun123','123456789',NULL,'13622334565','sun123@qq.com',NULL,NULL,0),(10030,'哈哈哈','hahaha','123456',NULL,'13744556655',NULL,'2022-09-17 16:28:12','2022-09-17 15:16:36',0),(10031,'测试一','cesi0001','123456',NULL,'13755664411','cesi@qq.com',NULL,NULL,1),(10032,'测试二','cesi002','123456',NULL,'13644551122','1232@163.com',NULL,NULL,0),(10033,'李淳罡','lichungang','123456','','13766447711',NULL,NULL,NULL,1);

/*!40101 SET SQL_MODE=@OLD_SQL_MODE */;
/*!40014 SET FOREIGN_KEY_CHECKS=@OLD_FOREIGN_KEY_CHECKS */;
